ID,Text,Image
1,"The global economic crisis of 2008 was primarily sparked by a decline in the U.S. housing market, coupled with poor lending practices and complex financial instruments.

Here's a breakdown based on the provided text:

1. **Housing Bubble Burst:**  U.S. housing prices, which had doubled since 2000, began to decline in 2007.  This exposed the poor quality of many mortgage loans issued during the housing boom. Borrowers were increasingly unable to make payments, leading to defaults.

2. **Subprime Mortgages and Securitization:** Many of these mortgages were subprime, meaning they were given to borrowers with poor credit. These mortgages were then bundled together into complex securities and sold to other financial institutions. This process, called securitization, obscured the risk associated with these underlying mortgages.

3. **Financial Crisis:** As housing prices continued to fall and defaults rose, the value of these mortgage-backed securities plummeted.  This created uncertainty about the financial health of banks and other institutions holding these securities, leading to a credit freeze. Banks became reluctant to lend to each other, fearing counterparty risk.

4. **Lehman Brothers Collapse:** The bankruptcy of Lehman Brothers in September 2008 dramatically worsened the crisis.  This event highlighted the interconnectedness of the financial system and amplified the panic.

5. **Global Contagion:** The crisis quickly spread globally through two channels:
    * **Trade:** Reduced consumer and business spending in the U.S. led to a decline in imports, hurting exporting countries.
    * **Financial:** U.S. banks repatriated funds from overseas, causing liquidity problems for banks in other countries.

This combination of factors led to a sharp contraction in economic activity worldwide, marked by falling stock prices, declining output, and rising unemployment.",0
2,"Rising unemployment rates are a serious concern for several reasons:

* **Economic slowdown:**  Unemployment increases during economic downturns (recessions) and high unemployment is often coupled with low output growth (Figure 1-1, Figure 2-3). This signifies a struggling economy with reduced overall production and consumption. The 2008 financial crisis, triggered by declining housing prices and a complex, opaque financial system, is a prime example of how rapidly unemployment can rise in such a situation (Figure 1-1, Figure 1-2).

* **Reduced consumer spending:** Job losses lead to lower disposable incomes, forcing consumers to cut back on spending. This further weakens demand, creating a vicious cycle that can prolong economic hardship (Figure 1-1).

* **Financial instability:** High unemployment can exacerbate financial problems.  Individuals struggling to make mortgage payments or repay loans may default, putting stress on banks and the financial system, as seen during the 2008 crisis. This instability can trigger further economic problems (Figure 1-1).

* **Fiscal strain:**  When unemployment rises, government revenues decline due to lower tax receipts. Simultaneously, the demand for social safety nets like unemployment benefits increases.  This leads to larger budget deficits and growing public debt, which can limit a government's ability to respond effectively to economic challenges (Figure 1-1).  Concerns about government debt can also lead to market instability and further economic uncertainty.

* **Social consequences:** Beyond the economic implications, high unemployment rates can have devastating social consequences.  Job loss can lead to increased poverty, inequality, and social unrest.  It can also negatively impact individuals' physical and mental health.


While some countries like China managed to mitigate the impact of the 2008 crisis through fiscal expansion, the experience of the US and Europe demonstrates the potential for rapid increases in unemployment and prolonged economic difficulties (Table 1-1, Figure 1-2, Table 1-3, Table 1-4, Figure 2-7). These examples highlight the importance of monitoring and addressing rising unemployment rates to prevent broader economic and social problems.",8
3,"Economists use **real GDP** to measure economic growth without the distortions of price changes.  Real GDP is calculated by holding prices constant, effectively measuring the change in the *quantity* of goods and services produced rather than the changing *value* of those goods and services.

Here's how it's done, based on the provided text:

1. **Nominal GDP:** This is the total value of all final goods and services produced in an economy, calculated using *current* market prices.  This measure is directly affected by changes in prices.

2. **Real GDP:**  To calculate real GDP, economists choose a *base year* and use the prices from that year to value the goods and services produced in all years.  This removes the effect of price changes, allowing for a true comparison of output across time.  The text mentions ""real GDP in chained (2005) dollars,"" meaning that 2005 is used as the base year.

3. **Chained Dollars:**  Because relative prices change over time, using a single base year can become less accurate over long periods.  ""Chained"" dollars address this by updating the base year periodically, creating a more accurate measure of changes in real output.

4. **GDP Growth Rate:**  The growth rate of real GDP is calculated as the percentage change in real GDP from one period to the next.  This is the key measure of economic growth.  A positive growth rate indicates expansion, while a negative growth rate indicates recession.

By using real GDP and its growth rate, economists can isolate changes in the quantity of goods and services produced, providing a clear picture of economic growth even when prices are fluctuating.",7
4,"The 2009 recession severely impacted the global economy.  Triggered by a financial crisis originating in the United States, its effects spread rapidly worldwide.

* **Stock market collapse:**  Stock prices in the US, Euro area, and emerging markets fell by 50% or more from their peaks.
* **Sharp decline in consumption and investment:**  Fears of another Great Depression led to decreased consumer spending and business investment. The housing market also plummeted.
* **Global recession:** The crisis spread quickly through trade and financial channels.  Advanced economies experienced an average growth rate of -3.7% in 2009, the lowest since the Great Depression. Emerging and developing economies, while maintaining positive growth, saw their rates drop by nearly 4 percentage points.
* **High unemployment:** Unemployment rates, particularly in the US and Euro area, rose sharply and remained high even after the initial phase of the crisis.
* **Strained financial systems:**  Banks struggled with bad loans and remained reluctant to lend, further hindering economic recovery.
* **Fiscal problems:**  Declining government revenues led to increased budget deficits and public debt, forcing countries to implement austerity measures, which posed further challenges.

While emerging economies like China weathered the storm relatively well due to government intervention, advanced economies faced prolonged difficulties in recovering from the 2009 recession.  The crisis left lasting impacts on unemployment, public finances, and the overall health of the global financial system.",0
5,"U.S. unemployment rose significantly after the 2008 crisis.  It reached a peak of nearly 10% in 2010, the highest rate since the 1980s.  While it has declined somewhat since then, it remained high in 2011 and 2012, with forecasts predicting only a slow decrease. This persistent unemployment was attributed to low output growth caused by factors such as declining housing prices, tight bank lending, and reduced consumer spending.",8
6,"Before the 2007 crisis, China's economy grew at roughly 10% a year.  During and after the crisis, growth slowed down only slightly, barely decreasing since 2007. The text notes that this sustained growth was partly due to a major fiscal expansion by the Chinese government, offsetting the negative effects of slowing exports.",16
7,"The 2008 crisis tanked stock markets not only in the U.S., but also in Europe and emerging economies.  The provided text explicitly states that despite originating in the United States, European and emerging market stock prices decreased by as much as their U.S. counterparts.  The included Figure 1-1 likely visually demonstrates this.  The crisis quickly became a global recession, impacting trade and financial systems worldwide.",0
8,"No, fast economic growth does not always mean fewer people out of work in the U.S.  While the provided text discusses China's rapid growth and seemingly low unemployment, it also highlights the complexities of the relationship between growth and unemployment in the U.S. context.

Specifically, Figure 2-2 and the surrounding text show that even with periods of positive GDP growth in the U.S., unemployment can fluctuate and even increase. The text also mentions the ""recession of 2001"" where yearly GDP growth was positive, but quarterly data revealed negative growth and likely increased unemployment. Additionally, Figure 2-3 shows how unemployment in the U.S. has varied significantly over time, rising during recessions and falling during expansions, demonstrating that even during periods of growth, unemployment doesn't automatically disappear.  Finally, the text explains that sometimes during economic slowdowns, people drop out of the labor force altogether, which can mask the true extent of unemployment by lowering the participation rate.",16
9,"No, consumer prices (measured by the Consumer Price Index - CPI) and overall economic prices (often measured by the GDP deflator) are not always in sync in the U.S.  While they often move in the same direction, they can diverge.

The provided text explains some of the reasons for this:

* **Different Baskets of Goods:** The CPI focuses on a fixed basket of goods and services consumed by a typical urban consumer.  This basket is only updated every 10 years, so it may not perfectly reflect current spending patterns.  The GDP deflator, on the other hand, reflects the prices of *all* goods and services produced in the economy.  Changes in investment or government spending, which are not part of the CPI basket, can cause the GDP deflator to move differently than the CPI.
* **Weighting:** Both the CPI and GDP deflator are weighted averages of prices, but the weights are different.  The CPI uses fixed weights based on the composition of the consumption basket in the base period. The GDP deflator uses changing weights that reflect the relative prices of goods and services in each period.  These different weighting schemes can lead to different inflation rates.

Figure 2-4 (not provided here but referenced in the text) directly demonstrates that CPI and GDP deflator inflation rates have diverged at times.

While the text also discusses nominal and real GDP, GDP growth, and the economic crisis of 2008, these concepts are not directly relevant to the core question of whether consumer and overall economic prices are always synchronized.  They provide context for the overall discussion of economic measurement but don't explain differences between the CPI and GDP deflator.",9
10,"Europe struggled with slow growth and high unemployment even before the 2008 financial crisis.  The provided text points out that from 2000-2007, the Euro area experienced lower output growth and substantially higher unemployment than the United States, characterizing it as a ""slowly growing economy with high unemployment."" Although inflation was lower than in the US, this doesn't offset the negative employment picture. The text doesn't elaborate on the underlying reasons for this pre-crisis stagnation, but the later mention of difficulties functioning ""efficiently as a common currency area"" suggests that the Euro itself may have been a contributing factor.


The 2008 crisis exacerbated these existing problems.  Unemployment in the Euro area increased to 10%, and the forecasts presented predicted only a slow decrease due to low growth.  The crisis caused negative growth in 2009, and though growth returned, it was projected to be very low in the following years. This reinforces the idea that the Euro area faced structural issues with growth and employment even before the crisis hit, making it less resilient and more vulnerable to external shocks.  The text highlights the difficulty of reducing unemployment and functioning as a common currency area as the two main challenges facing the Euro area after the crisis.",1
11,"China weathered the 2008 global financial crisis remarkably well due to a combination of factors:

* **Rapid pre-crisis growth:** China's economy was already experiencing robust growth of around 10% annually for several decades leading up to the crisis. This momentum helped it absorb the initial shock.
* **Government intervention:**  The Chinese government implemented a massive fiscal stimulus package, focusing on public investment.  This injected significant demand into the economy, offsetting the decline in exports caused by the global downturn.
* **Low unemployment:** While data reliability in developing economies can be an issue, available figures suggested consistently low unemployment in China, providing a buffer against social unrest.
* **Relatively low inflation:** Inflation, once a concern in China, was under control before and during the crisis, giving the government more flexibility in its policy responses.

While some skepticism exists regarding the accuracy of Chinese economic data, many economists believe the high growth rates are generally valid, driven by a combination of factors such as increasing productivity and urbanization.

Essentially, China's pre-existing economic strength, combined with swift and decisive government action, allowed it to maintain strong growth throughout the 2008 crisis, while other advanced economies struggled.",16
